{"cameraMode":{"drawMode":0,"name":"Shaded","section":"Shading Mode"},"sceneLighting":false,"audioPlay":false,"sceneViewState":{"m_AlwaysRefresh":false,"showFog":true,"showSkybox":false,"showFlares":true,"showImageEffects":true,"showParticleSystems":true,"showVisualEffectGraphs":true,"m_FxEnabled":true},"in2DMode":false,"pivot":{"x":-0.0033111572265625,"y":1.3124407529830933,"z":-0.009108304977416993},"rotation":{"x":-0.16157348453998567,"y":-0.01717296801507473,"z":0.0028121143113821747,"w":-0.9867069721221924},"size":6.565134525299072,"orthographic":false}