{"cameraMode":{"drawMode":0,"name":"Shaded","section":"Shading Mode"},"sceneLighting":false,"audioPlay":false,"sceneViewState":{"m_AlwaysRefresh":false,"showFog":true,"showSkybox":false,"showFlares":true,"showImageEffects":true,"showParticleSystems":true,"showVisualEffectGraphs":true,"m_FxEnabled":true},"in2DMode":false,"pivot":{"x":-0.1056053638458252,"y":1.7011053562164307,"z":0.006697654724121094},"rotation":{"x":-0.10014594346284867,"y":0.8827192187309265,"z":-0.21911518275737763,"w":-0.4034446179866791},"size":2.5270140171051027,"orthographic":false}