{"cameraMode":{"drawMode":0,"name":"Shaded","section":"Shading Mode"},"sceneLighting":false,"audioPlay":false,"sceneViewState":{"m_AlwaysRefresh":false,"showFog":true,"showSkybox":false,"showFlares":true,"showImageEffects":true,"showParticleSystems":true,"showVisualEffectGraphs":true,"m_FxEnabled":true},"in2DMode":false,"pivot":{"x":-0.5352627038955689,"y":1.1991084814071656,"z":-0.052145034074783328},"rotation":{"x":-0.10014594346284867,"y":0.8827192187309265,"z":-0.21911518275737763,"w":-0.4034446179866791},"size":2.2574315071105959,"orthographic":false}