{"cameraMode":{"drawMode":0,"name":"Shaded","section":"Shading Mode"},"sceneLighting":false,"audioPlay":false,"sceneViewState":{"m_AlwaysRefresh":false,"showFog":true,"showSkybox":false,"showFlares":true,"showImageEffects":true,"showParticleSystems":true,"showVisualEffectGraphs":true,"m_FxEnabled":true},"in2DMode":false,"pivot":{"x":16.895774841308595,"y":11.122133255004883,"z":0.09562110900878906},"rotation":{"x":-0.10014594346284867,"y":0.8827192187309265,"z":-0.21911518275737763,"w":-0.4034446179866791},"size":0.6532439589500427,"orthographic":false}